sab,onsettime,autofile_i,ppid,cogload,trialn,RT,disengaged,premature,maxsb,design,TLC_calc,V1,simulated_ttlc,TLC_onset,TLC_takeover,time_remaining,early,TLC_end_of_trial,censored,TLC_failure
-0.3039716,6,0,6,noload,47,7.03270045187139,1,0,1.00966292227301,balanced,8.36787313563842,3,9.55,9.55,2.51729954812861,9,1.96729954812861,0.550000000000001,0,9.55
-0.3039716,6,0,12,noload,18,6.78371707348879,1,0,0.921640293,balanced,8.36787313563842,3,9.55,9.55,2.76628292651122,9,2.21628292651121,0.550000000000001,0,9.55
-0.3039716,6,0,4,noload,8,6.31698039851353,1,0,0.817529286231955,balanced,8.36787313563842,3,9.55,9.55,3.23301960148648,9,2.68301960148647,0.550000000000001,0,9.55
-0.3039716,6,0,9,noload,2,7.98320705851103,1,0,1.28831095593433,balanced,8.36787313563842,3,9.55,9.55,1.56679294148897,9,1.01679294148897,0.550000000000001,0,9.55
-0.3039716,6,0,10,noload,29,5.96713485494774,1,0,0.797463777,balanced,8.36787313563842,3,9.55,9.55,3.58286514505226,9,3.03286514505226,0.550000000000001,0,9.55
-0.3039716,6,0,6,noload,17,5.45014594508115,1,0,0.675621628961444,balanced,8.36787313563842,3,9.55,9.55,4.09985405491885,9,3.54985405491885,0.550000000000001,0,9.55
-0.3039716,6,0,4,noload,34,5.43352316924859,1,0,0.594173549977949,balanced,8.36787313563842,3,9.55,9.55,4.11647683075141,9,3.56647683075141,0.550000000000001,0,9.55
-0.3039716,6,0,12,noload,2,7.03355527838417,1,0,1.0202352956946,balanced,8.36787313563842,3,9.55,9.55,2.51644472161583,9,1.96644472161583,0.550000000000001,0,9.55
-0.3039716,6,0,8,noload,16,5.91654869313499,1,0,0.807987571,balanced,8.36787313563842,3,9.55,9.55,3.63345130686502,9,3.08345130686502,0.550000000000001,0,9.55
-0.3039716,6,0,11,noload,10,7.35018543103132,1,0,1.033078359,balanced,8.36787313563842,3,9.55,9.55,2.19981456896868,9,1.64981456896868,0.550000000000001,0,9.55
-0.3039716,6,0,11,noload,33,7.40020985129899,1,0,1.07530349112686,balanced,8.36787313563842,3,9.55,9.55,2.14979014870101,9,1.59979014870101,0.550000000000001,0,9.55
-0.3039716,6,0,7,noload,5,5.78377045310614,1,0,0.751334309,balanced,8.36787313563842,3,9.55,9.55,3.76622954689386,9,3.21622954689386,0.550000000000001,0,9.55
-0.3039716,6,0,1,noload,37,6.03368860745206,1,0,0.893595229070303,balanced,8.36787313563842,3,9.55,9.55,3.51631139254794,9,2.96631139254794,0.550000000000001,0,9.55
-0.3039716,6,0,3,noload,2,5.90063965859116,1,0,0.733150156,balanced,8.36787313563842,3,9.55,9.55,3.64936034140884,9,3.09936034140884,0.550000000000001,0,9.55
-0.3039716,6,0,2,noload,7,5.78352371704182,1,0,0.710866494,balanced,8.36787313563842,3,9.55,9.55,3.76647628295819,9,3.21647628295819,0.550000000000001,0,9.55
-0.3039716,6,0,3,noload,23,6.00049685151294,1,0,0.758564382,balanced,8.36787313563842,3,9.55,9.55,3.54950314848707,9,2.99950314848707,0.550000000000001,0,9.55
-0.3039716,6,0,7,noload,32,4.61700236233639,1,0,0.460977153374454,balanced,8.36787313563842,3,9.55,9.55,4.93299763766361,9,4.38299763766361,0.550000000000001,0,9.55
-0.3039716,6,0,7,noload,6,5.9333873054453,1,0,0.803010286,balanced,8.36787313563842,3,9.55,9.55,3.6166126945547,9,3.0666126945547,0.550000000000001,0,9.55
-0.3039716,6,0,9,noload,43,5.68355962183955,1,0,0.679619581,balanced,8.36787313563842,3,9.55,9.55,3.86644037816045,9,3.31644037816045,0.550000000000001,0,9.55
-0.3039716,6,0,10,noload,30,6.33346242696223,1,0,0.916513882789811,balanced,8.36787313563842,3,9.55,9.55,3.21653757303778,9,2.66653757303778,0.550000000000001,0,9.55
-0.3039716,6,0,5,noload,30,4.63346696405313,1,0,0.457161271238816,balanced,8.36787313563842,3,9.55,9.55,4.91653303594687,9,4.36653303594687,0.550000000000001,0,9.55
-0.3039716,6,0,8,noload,15,6.31683696108235,1,0,0.965622793851592,balanced,8.36787313563842,3,9.55,9.55,3.23316303891765,9,2.68316303891765,0.550000000000001,0,9.55
-0.3039716,6,0,1,noload,4,6.03356786516467,1,0,0.881727865356472,balanced,8.36787313563842,3,9.55,9.55,3.51643213483533,9,2.96643213483533,0.550000000000001,0,9.55
-0.3039716,6,0,9,noload,7,7.09994717587117,1,0,1.055688261,balanced,8.36787313563842,3,9.55,9.55,2.45005282412884,9,1.90005282412884,0.550000000000001,0,9.55
-0.3039716,6,0,5,noload,2,5.51661962273698,1,0,0.692021835569083,balanced,8.36787313563842,3,9.55,9.55,4.03338037726302,9,3.48338037726302,0.550000000000001,0,9.55
-0.3039716,6,0,5,noload,46,4.51690064871411,1,0,0.481317201,balanced,8.36787313563842,3,9.55,9.55,5.03309935128589,9,4.48309935128589,0.550000000000001,0,9.55
-0.3039716,6,0,2,noload,37,5.83349638425409,1,0,0.682731911,balanced,8.36787313563842,3,9.55,9.55,3.71650361574591,9,3.16650361574591,0.550000000000001,0,9.55
-0.3039716,6,0,7,noload,3,6.05047448972507,1,0,0.826791595259202,balanced,8.36787313563842,3,9.55,9.55,3.49952551027493,9,2.94952551027493,0.550000000000001,0,9.55
-0.3039716,6,0,2,noload,12,5.96602735210638,1,0,0.734256597,balanced,8.36787313563842,3,9.55,9.55,3.58397264789362,9,3.03397264789362,0.550000000000001,0,9.55
-0.3039716,6,0,11,noload,40,7.53298426537867,1,0,1.0834507614729,balanced,8.36787313563842,3,9.55,9.55,2.01701573462133,9,1.46701573462133,0.550000000000001,0,9.55
-0.3039716,6,0,5,noload,12,6.40019185833632,1,0,0.838795232586501,balanced,8.36787313563842,3,9.55,9.55,3.14980814166369,9,2.59980814166368,0.550000000000001,0,9.55
-0.3039716,6,0,12,noload,16,7.40033059,1,0,1.066758144,balanced,8.36787313563842,3,9.55,9.55,2.14966941,9,1.59966941,0.550000000000001,0,9.55
-0.3039716,6,0,3,noload,33,5.28389449481881,1,0,0.630656281,balanced,8.36787313563842,3,9.55,9.55,4.26610550518119,9,3.71610550518119,0.550000000000001,0,9.55
-0.3039716,6,0,12,noload,32,6.26691241813649,1,0,0.832117175,balanced,8.36787313563842,3,9.55,9.55,3.28308758186352,9,2.73308758186352,0.550000000000001,0,9.55
-0.3039716,6,0,1,noload,22,6.45020301,1,0,0.846628317,balanced,8.36787313563842,3,9.55,9.55,3.09979699,9,2.54979699,0.550000000000001,0,9.55
-0.3039716,6,0,6,noload,43,6.38345130686503,1,0,0.856883193825734,balanced,8.36787313563842,3,9.55,9.55,3.16654869313497,9,2.61654869313497,0.550000000000001,0,9.55
-0.3039716,6,0,5,noload,21,5.63343255270894,1,0,0.673377959568672,balanced,8.36787313563842,3,9.55,9.55,3.91656744729106,9,3.36656744729106,0.550000000000001,0,9.55
-0.3039716,6,0,4,noload,36,5.91683713865439,1,0,0.701409741,balanced,8.36787313563842,3,9.55,9.55,3.63316286134561,9,3.08316286134561,0.550000000000001,0,9.55
-0.3039716,6,0,9,noload,13,5.43321098258917,1,0,0.771052158,balanced,8.36787313563842,3,9.55,9.55,4.11678901741083,9,3.56678901741083,0.550000000000001,0,9.55
-0.3039716,6,0,7,noload,4,5.93374379909335,1,0,0.822057326,balanced,8.36787313563842,3,9.55,9.55,3.61625620090665,9,3.06625620090665,0.550000000000001,0,9.55
-0.3039716,6,0,2,noload,26,5.86690003927106,1,0,0.695851744489955,balanced,8.36787313563842,3,9.55,9.55,3.68309996072894,9,3.13309996072894,0.550000000000001,0,9.55
-0.3039716,6,0,8,noload,21,6.2501987690506,1,0,0.879227023,balanced,8.36787313563842,3,9.55,9.55,3.2998012309494,9,2.7498012309494,0.550000000000001,0,9.55
-0.3039716,6,0,12,noload,1,7.14954757742015,1,0,1.05551887571115,balanced,8.36787313563842,3,9.55,9.55,2.40045242257985,9,1.85045242257985,0.550000000000001,0,9.55
-0.3039716,6,0,10,noload,34,6.83347978366612,1,0,0.926952476,balanced,8.36787313563842,3,9.55,9.55,2.71652021633388,9,2.16652021633388,0.550000000000001,0,9.55
-0.3039716,6,0,11,noload,21,7.60041771033889,1,0,1.09490019395181,balanced,8.36787313563842,3,9.55,9.55,1.94958228966111,9,1.39958228966111,0.550000000000001,0,9.55
-0.3039716,6,0,4,noload,7,5.83339083650049,1,0,0.701460088,balanced,8.36787313563842,3,9.55,9.55,3.71660916349952,9,3.16660916349952,0.550000000000001,0,9.55
-0.3039716,6,0,6,noload,33,6.13341131157393,1,0,0.814350802,balanced,8.36787313563842,3,9.55,9.55,3.41658868842608,9,2.86658868842608,0.550000000000001,0,9.55
-0.3039716,6,0,4,noload,24,5.53349053884245,1,0,0.641588793,balanced,8.36787313563842,3,9.55,9.55,4.01650946115756,9,3.46650946115756,0.550000000000001,0,9.55
-0.3039716,6,0,9,noload,18,6.36671264881312,1,0,0.837311112,balanced,8.36787313563842,3,9.55,9.55,3.18328735118688,9,2.63328735118688,0.550000000000001,0,9.55
-0.3039716,6,0,11,noload,28,7.63344151904323,1,0,1.10815910402938,balanced,8.36787313563842,3,9.55,9.55,1.91655848095677,9,1.36655848095677,0.550000000000001,0,9.55
-0.3039716,6,0,8,noload,46,6.18349115123045,1,0,0.834545532272151,balanced,8.36787313563842,3,9.55,9.55,3.36650884876956,9,2.81650884876956,0.550000000000001,0,9.55
-0.3039716,6,0,2,noload,32,5.84942697738609,1,0,0.766085717,balanced,8.36787313563842,3,9.55,9.55,3.70057302261391,9,3.15057302261391,0.550000000000001,0,9.55
-0.3039716,6,0,6,noload,0,7.83353990020797,1,0,1.24190707126201,balanced,8.36787313563842,3,9.55,9.55,1.71646009979203,9,1.16646009979203,0.550000000000001,0,9.55
-0.3039716,6,0,1,noload,9,7.30014480018813,1,0,1.148497602,balanced,8.36787313563842,3,9.55,9.55,2.24985519981188,9,1.69985519981188,0.550000000000001,0,9.55
-0.3039716,6,0,6,noload,30,6.68334173485994,1,0,0.929793965,balanced,8.36787313563842,3,9.55,9.55,2.86665826514006,9,2.31665826514006,0.550000000000001,0,9.55
-0.3039716,6,0,12,noload,8,7.00038909307807,1,0,0.97713422158184,balanced,8.36787313563842,3,9.55,9.55,2.54961090692193,9,1.99961090692193,0.550000000000001,0,9.55
-0.3039716,6,0,3,noload,25,5.71725587037918,1,0,0.718364686,balanced,8.36787313563842,3,9.55,9.55,3.83274412962082,9,3.28274412962082,0.550000000000001,0,9.55
-0.3039716,6,0,3,noload,24,5.70051837369579,1,0,0.668841580183142,balanced,8.36787313563842,3,9.55,9.55,3.84948162630421,9,3.29948162630421,0.550000000000001,0,9.55
-0.3039716,6,0,3,noload,27,5.71717678465837,1,0,0.682857916,balanced,8.36787313563842,3,9.55,9.55,3.83282321534164,9,3.28282321534164,0.550000000000001,0,9.55
-0.3039716,6,0,1,noload,45,6.43353876627339,1,0,0.875474074,balanced,8.36787313563842,3,9.55,9.55,3.11646123372662,9,2.56646123372662,0.550000000000001,0,9.55
-0.3039716,6,0,10,noload,35,6.88365575045713,1,0,0.926676699,balanced,8.36787313563842,3,9.55,9.55,2.66634424954287,9,2.11634424954287,0.550000000000001,0,9.55
-0.3039716,6,0,9,noload,14,6.51669785805706,1,0,0.908996735822363,balanced,8.36787313563842,3,9.55,9.55,3.03330214194295,9,2.48330214194294,0.550000000000001,0,9.55
-0.3039716,6,0,4,noload,45,6.38333211082511,1,0,0.83773266,balanced,8.36787313563842,3,9.55,9.55,3.16666788917489,9,2.61666788917489,0.550000000000001,0,9.55
-0.3039716,6,0,8,noload,27,6.86685280827317,1,0,1.02135431212923,balanced,8.36787313563842,3,9.55,9.55,2.68314719172684,9,2.13314719172683,0.550000000000001,0,9.55
-0.3039716,6,0,11,noload,26,7.45043681791537,1,0,1.063307668,balanced,8.36787313563842,3,9.55,9.55,2.09956318208463,9,1.54956318208463,0.550000000000001,0,9.55
-0.3039716,6,0,7,noload,35,5.10041046576009,1,0,0.648373669424402,balanced,8.36787313563842,3,9.55,9.55,4.44958953423991,9,3.89958953423991,0.550000000000001,0,9.55
-0.3039716,6,0,1,noload,16,5.96695615636241,1,0,0.813604202,balanced,8.36787313563842,3,9.55,9.55,3.58304384363759,9,3.03304384363759,0.550000000000001,0,9.55
-0.3039716,6,0,10,noload,20,6.23359708479825,1,0,0.863201896743886,balanced,8.36787313563842,3,9.55,9.55,3.31640291520175,9,2.76640291520175,0.550000000000001,0,9.55
-0.3039716,6,0,10,noload,41,6.26699742003916,1,0,0.862869961425957,balanced,8.36787313563842,3,9.55,9.55,3.28300257996084,9,2.73300257996084,0.550000000000001,0,9.55
-0.3039716,6,0,2,noload,29,6.2668317,1,0,0.789581710659302,balanced,8.36787313563842,3,9.55,9.55,3.2831683,9,2.7331683,0.550000000000001,0,9.55
-0.3039716,6,0,8,noload,17,6.61675274458253,1,0,0.925617931682482,balanced,8.36787313563842,3,9.55,9.55,2.93324725541747,9,2.38324725541747,0.550000000000001,0,9.55
-0.3039716,6,0,5,noload,11,2.68354965692799,1,0,0.666005140492714,balanced,8.36787313563842,3,9.55,9.55,6.86645034307201,9,6.31645034307201,0.550000000000001,0,9.55
-0.52191351,6,0,6,noload,20,3.366761951,1,0,0.52937821316601,balanced,6.38605011755701,2,7.116666667,7.116666667,3.749904716,9,5.633238049,-1.883333333,0,7.12
-0.52191351,6,0,10,noload,9,3.73384868153948,1,0,0.809898726,balanced,6.38605011755701,2,7.116666667,7.116666667,3.38281798546052,9,5.26615131846052,-1.883333333,0,7.12
-0.52191351,6,0,11,noload,29,5.25045414453291,1,0,0.97216622,balanced,6.38605011755701,2,7.116666667,7.116666667,1.86621252246709,9,3.74954585546709,-1.883333333,0,7.12
-0.52191351,6,0,9,noload,24,3.91687987491252,1,0,0.642887728806336,balanced,6.38605011755701,2,7.116666667,7.116666667,3.19978679208748,9,5.08312012508748,-1.883333333,0,7.12
-0.52191351,6,0,3,noload,10,4.33388240557031,1,0,0.66818165,balanced,6.38605011755701,2,7.116666667,7.116666667,2.78278426142969,9,4.66611759442969,-1.883333333,0,7.12
-0.52191351,6,0,9,noload,4,4.16686266933908,1,0,0.820542181,balanced,6.38605011755701,2,7.116666667,7.116666667,2.94980399766092,9,4.83313733066092,-1.883333333,0,7.12
-0.52191351,6,0,11,noload,47,5.68308318,1,0,1.122957438,balanced,6.38605011755701,2,7.116666667,7.116666667,1.433583487,9,3.31691682,-1.883333333,0,7.12
-0.52191351,6,0,9,noload,23,4.13366708121032,1,0,0.700657805,balanced,6.38605011755701,2,7.116666667,7.116666667,2.98299958578968,9,4.86633291878968,-1.883333333,0,7.12
-0.52191351,6,0,7,noload,26,4.46709361384342,1,0,0.849595182,balanced,6.38605011755701,2,7.116666667,7.116666667,2.64957305315658,9,4.53290638615659,-1.883333333,0,7.12
-0.52191351,6,0,4,noload,47,4.0000211297729,1,0,0.664048711,balanced,6.38605011755701,2,7.116666667,7.116666667,3.1166455372271,9,4.9999788702271,-1.883333333,0,7.12
-0.52191351,6,0,10,noload,13,4.40035606900545,1,0,0.726345513,balanced,6.38605011755701,2,7.116666667,7.116666667,2.71631059799455,9,4.59964393099455,-1.883333333,0,7.12
-0.52191351,6,0,12,noload,45,4.51708658935923,1,0,0.744982188,balanced,6.38605011755701,2,7.116666667,7.116666667,2.59958007764077,9,4.48291341064077,-1.883333333,0,7.12
-0.52191351,6,0,3,noload,32,4.06630764164265,1,0,0.619284948517874,balanced,6.38605011755701,2,7.116666667,7.116666667,3.05035902535735,9,4.93369235835735,-1.883333333,0,7.12
-0.52191351,6,0,11,noload,22,5.48370452743916,1,0,1.05548411053957,balanced,6.38605011755701,2,7.116666667,7.116666667,1.63296213956084,9,3.51629547256084,-1.883333333,0,7.12
-0.52191351,6,0,6,noload,7,5.06670822152259,1,0,1.01367672597591,balanced,6.38605011755701,2,7.116666667,7.116666667,2.04995844547741,9,3.93329177847741,-1.883333333,0,7.12
-0.52191351,6,0,11,noload,13,5.40050446416984,1,0,1.020572838,balanced,6.38605011755701,2,7.116666667,7.116666667,1.71616220283016,9,3.59949553583016,-1.883333333,0,7.12
-0.52191351,6,0,12,noload,47,3.91710174255741,1,0,0.561901364019065,balanced,6.38605011755701,2,7.116666667,7.116666667,3.19956492444259,9,5.08289825744259,-1.883333333,0,7.12
-0.52191351,6,0,12,noload,38,4.53378136893139,1,0,0.754911083278003,balanced,6.38605011755701,2,7.116666667,7.116666667,2.58288529806861,9,4.46621863106861,-1.883333333,0,7.12
-0.52191351,6,0,1,noload,3,4.43361755,1,0,0.767115913,balanced,6.38605011755701,2,7.116666667,7.116666667,2.683049117,9,4.56638245,-1.883333333,0,7.12
-0.52191351,6,0,3,noload,46,4.21731005315337,1,0,0.659512525530044,balanced,6.38605011755701,2,7.116666667,7.116666667,2.89935661384663,9,4.78268994684663,-1.883333333,0,7.12
-0.52191351,6,0,4,noload,17,4.38356876427957,1,0,0.652616195522002,balanced,6.38605011755701,2,7.116666667,7.116666667,2.73309790272043,9,4.61643123572043,-1.883333333,0,7.12
-0.52191351,6,0,1,noload,36,4.48372771,1,0,0.861121395,balanced,6.38605011755701,2,7.116666667,7.116666667,2.632938957,9,4.51627229,-1.883333333,0,7.12
-0.52191351,6,0,8,noload,38,4.61690729242434,1,0,0.8760459,balanced,6.38605011755701,2,7.116666667,7.116666667,2.49975937457566,9,4.38309270757566,-1.883333333,0,7.12
-0.52191351,6,0,7,noload,12,4.28322710969684,1,0,0.698983064,balanced,6.38605011755701,2,7.116666667,7.116666667,2.83343955730316,9,4.71677289030316,-1.883333333,0,7.12
-0.52191351,6,0,10,noload,39,4.75050719307092,1,0,1.122716586,balanced,6.38605011755701,2,7.116666667,7.116666667,2.36615947392908,9,4.24949280692908,-1.883333333,0,7.12
-0.52191351,6,0,11,noload,12,5.61712340717372,1,0,1.097262803,balanced,6.38605011755701,2,7.116666667,7.116666667,1.49954325982628,9,3.38287659282628,-1.883333333,0,7.12
-0.52191351,6,0,6,noload,36,4.48369308971928,1,0,0.774679113061424,balanced,6.38605011755701,2,7.116666667,7.116666667,2.63297357728072,9,4.51630691028072,-1.883333333,0,7.12
-0.52191351,6,0,2,noload,6,4.80014223312648,1,0,0.877908698,balanced,6.38605011755701,2,7.116666667,7.116666667,2.31652443387352,9,4.19985776687352,-1.883333333,0,7.12
-0.52191351,6,0,12,noload,44,4.9171111001101,1,0,0.8938067638351,balanced,6.38605011755701,2,7.116666667,7.116666667,2.1995555668899,9,4.0828888998899,-1.883333333,0,7.12
-0.52191351,6,0,1,noload,7,5.28362121816291,1,0,1.00932570597952,balanced,6.38605011755701,2,7.116666667,7.116666667,1.83304544883709,9,3.71637878183709,-1.883333333,0,7.12
-0.52191351,6,0,9,noload,34,5.03290430078959,1,0,0.973265203,balanced,6.38605011755701,2,7.116666667,7.116666667,2.08376236621041,9,3.96709569921041,-1.883333333,0,7.12
-0.52191351,6,0,8,noload,35,4.56659261,1,0,0.887395360376843,balanced,6.38605011755701,2,7.116666667,7.116666667,2.550074057,9,4.43340739,-1.883333333,0,7.12
-0.52191351,6,0,4,noload,43,4.23369528634009,1,0,0.625927452162237,balanced,6.38605011755701,2,7.116666667,7.116666667,2.88297138065991,9,4.76630471365991,-1.883333333,0,7.12
-0.52191351,6,0,5,noload,33,4.08357670303701,1,0,0.590222397,balanced,6.38605011755701,2,7.116666667,7.116666667,3.03308996396299,9,4.91642329696299,-1.883333333,0,7.12
-0.52191351,6,0,4,noload,40,4.41681948020152,1,0,0.663689236,balanced,6.38605011755701,2,7.116666667,7.116666667,2.69984718679848,9,4.58318051979848,-1.883333333,0,7.12
-0.52191351,6,0,3,noload,30,3.933922069,1,0,0.61620449654755,balanced,6.38605011755701,2,7.116666667,7.116666667,3.182744598,9,5.066077931,-1.883333333,0,7.12
-0.52191351,6,0,6,noload,25,4.98286480987906,1,0,0.93685134006162,balanced,6.38605011755701,2,7.116666667,7.116666667,2.13380185712094,9,4.01713519012094,-1.883333333,0,7.12
-0.52191351,6,0,10,noload,5,4.30034915650947,1,0,0.789992144,balanced,6.38605011755701,2,7.116666667,7.116666667,2.81631751049053,9,4.69965084349053,-1.883333333,0,7.12
-0.52191351,6,0,7,noload,15,4.66704821448303,1,0,0.832507515,balanced,6.38605011755701,2,7.116666667,7.116666667,2.44961845251697,9,4.33295178551697,-1.883333333,0,7.12
-0.52191351,6,0,2,noload,43,4.46682982826678,1,0,0.704353009,balanced,6.38605011755701,2,7.116666667,7.116666667,2.64983683873322,9,4.53317017173322,-1.883333333,0,7.12
-0.52191351,6,0,10,noload,18,3.483756691,1,0,0.550951638370183,balanced,6.38605011755701,2,7.116666667,7.116666667,3.632909976,9,5.516243309,-1.883333333,0,7.12
-0.52191351,6,0,12,noload,33,4.50031453451311,1,0,0.74172625,balanced,6.38605011755701,2,7.116666667,7.116666667,2.61635213248689,9,4.49968546548689,-1.883333333,0,7.12
-0.52191351,6,0,5,noload,28,3.78366221824581,1,0,0.540673568570032,balanced,6.38605011755701,2,7.116666667,7.116666667,3.33300444875419,9,5.21633778175419,-1.883333333,0,7.12
-0.52191351,6,0,8,noload,37,4.34944263165994,1,0,0.759604680799132,balanced,6.38605011755701,2,7.116666667,7.116666667,2.76722403534006,9,4.65055736834006,-1.883333333,0,7.12
-0.52191351,6,0,1,noload,11,5.63359394549872,1,0,1.17118919487295,balanced,6.38605011755701,2,7.116666667,7.116666667,1.48307272150128,9,3.36640605450129,-1.883333333,0,7.12
-0.52191351,6,0,1,noload,13,5.1002849216126,1,0,1.02555281972939,balanced,6.38605011755701,2,7.116666667,7.116666667,2.0163817453874,9,3.8997150783874,-1.883333333,0,7.12
-0.52191351,6,0,8,noload,19,4.55018578944669,1,0,0.826988617,balanced,6.38605011755701,2,7.116666667,7.116666667,2.56648087755331,9,4.44981421055331,-1.883333333,0,7.12
-0.52191351,6,0,12,noload,24,4.28370771593609,1,0,0.724729913767199,balanced,6.38605011755701,2,7.116666667,7.116666667,2.83295895106391,9,4.71629228406391,-1.883333333,0,7.12
-0.52191351,6,0,4,noload,0,4.10022575652886,1,0,0.662686253,balanced,6.38605011755701,2,7.116666667,7.116666667,3.01644091047114,9,4.89977424347114,-1.883333333,0,7.12
-0.52191351,6,0,5,noload,27,4.01685340857955,1,0,0.61383915052456,balanced,6.38605011755701,2,7.116666667,7.116666667,3.09981325842045,9,4.98314659142045,-1.883333333,0,7.12
-0.52191351,6,0,6,noload,13,4.30023846249043,1,0,0.733489883,balanced,6.38605011755701,2,7.116666667,7.116666667,2.81642820450957,9,4.69976153750957,-1.883333333,0,7.12
-0.52191351,6,0,7,noload,45,5.08387592209896,1,0,0.974880643088447,balanced,6.38605011755701,2,7.116666667,7.116666667,2.03279074490104,9,3.91612407790104,-1.883333333,0,7.12
-0.52191351,6,0,1,noload,27,4.61690434282843,1,0,0.80698847394499,balanced,6.38605011755701,2,7.116666667,7.116666667,2.49976232417157,9,4.38309565717157,-1.883333333,0,7.12
-0.52191351,6,0,2,noload,9,4.93348880774411,1,0,0.851624290628328,balanced,6.38605011755701,2,7.116666667,7.116666667,2.18317785925589,9,4.06651119225589,-1.883333333,0,7.12
-0.52191351,6,0,6,noload,22,4.4835367307698,1,0,0.755370037,balanced,6.38605011755701,2,7.116666667,7.116666667,2.6331299362302,9,4.5164632692302,-1.883333333,0,7.12
-0.52191351,6,0,9,noload,20,2.60004497597259,1,0,0.482215307008194,balanced,6.38605011755701,2,7.116666667,7.116666667,4.51662169102741,9,6.39995502402741,-1.883333333,0,7.12
-0.52191351,6,0,5,noload,16,4.15030724198812,1,0,0.624605438,balanced,6.38605011755701,2,7.116666667,7.116666667,2.96635942501188,9,4.84969275801188,-1.883333333,0,7.12
-0.52191351,6,0,8,noload,41,4.18324634986368,1,0,0.814480912987266,balanced,6.38605011755701,2,7.116666667,7.116666667,2.93342031713632,9,4.81675365013632,-1.883333333,0,7.12
-0.52191351,6,0,3,noload,22,4.31741748295508,1,0,0.696196418861498,balanced,6.38605011755701,2,7.116666667,7.116666667,2.79924918404492,9,4.68258251704492,-1.883333333,0,7.12
-0.52191351,6,0,8,noload,8,4.21657887826035,1,0,0.796185832,balanced,6.38605011755701,2,7.116666667,7.116666667,2.90008778873965,9,4.78342112173965,-1.883333333,0,7.12
-0.52191351,6,0,2,noload,5,4.80015279798096,1,0,0.968068062387705,balanced,6.38605011755701,2,7.116666667,7.116666667,2.31651386901904,9,4.19984720201904,-1.883333333,0,7.12
-0.52191351,6,0,2,noload,3,4.41690244,1,0,0.731381602,balanced,6.38605011755701,2,7.116666667,7.116666667,2.699764227,9,4.58309756,-1.883333333,0,7.12
-0.52191351,6,0,4,noload,26,4.58373562911334,1,0,0.744771974,balanced,6.38605011755701,2,7.116666667,7.116666667,2.53293103788666,9,4.41626437088666,-1.883333333,0,7.12
-0.52191351,6,0,3,noload,20,4.48380568940263,1,0,0.75188159,balanced,6.38605011755701,2,7.116666667,7.116666667,2.63286097759737,9,4.51619431059737,-1.883333333,0,7.12
-0.52191351,6,0,2,noload,28,4.85012486148719,1,0,0.875717904808057,balanced,6.38605011755701,2,7.116666667,7.116666667,2.26654180551281,9,4.14987513851281,-1.883333333,0,7.12
-0.52191351,6,0,10,noload,44,5.51690980641695,1,0,1.20316178314467,balanced,6.38605011755701,2,7.116666667,7.116666667,1.59975686058305,9,3.48309019358305,-1.883333333,0,7.12
-0.52191351,6,0,7,noload,14,4.16708051323008,1,0,0.788265865,balanced,6.38605011755701,2,7.116666667,7.116666667,2.94958615376992,9,4.83291948676992,-1.883333333,0,7.12
-0.52191351,6,0,9,noload,28,4.48360791818595,1,0,0.78640014,balanced,6.38605011755701,2,7.116666667,7.116666667,2.63305874881405,9,4.51639208181405,-1.883333333,0,7.12
-0.52191351,6,0,7,noload,23,4.28305595652284,1,0,0.74999453,balanced,6.38605011755701,2,7.116666667,7.116666667,2.83361071047716,9,4.71694404347716,-1.883333333,0,7.12
-0.52191351,6,0,11,noload,0,5.15042311358715,1,0,1.067235351,balanced,6.38605011755701,2,7.116666667,7.116666667,1.96624355341285,9,3.84957688641285,-1.883333333,0,7.12
-1.19868047,6,0,12,noload,40,2.83380020477944,1,0,0.744854736314978,balanced,4.21385781340179,1,4.683333333,4.683333333,1.84953312822056,9,6.16619979522056,-4.316666667,0,4.68
-1.19868047,6,0,3,noload,39,2.3673097060215,1,0,0.528094950704653,balanced,4.21385781340179,1,4.683333333,4.683333333,2.3160236269785,9,6.6326902939785,-4.316666667,0,4.68
-1.19868047,6,0,3,noload,1,2.66752030948476,1,0,0.622564399353027,balanced,4.21385781340179,1,4.683333333,4.683333333,2.01581302351524,9,6.33247969051524,-4.316666667,0,4.68
-1.19868047,6,0,11,noload,19,3.383155509,1,0,0.945089496,balanced,4.21385781340179,1,4.683333333,4.683333333,1.300177824,9,5.616844491,-4.316666667,0,4.68
-1.19868047,6,0,7,noload,39,3.11692810540376,1,0,0.961958667,balanced,4.21385781340179,1,4.683333333,4.683333333,1.56640522759624,9,5.88307189459624,-4.316666667,0,4.68
-1.19868047,6,0,8,noload,43,2.33342217821905,1,0,0.752012122483103,balanced,4.21385781340179,1,4.683333333,4.683333333,2.34991115478095,9,6.66657782178095,-4.316666667,0,4.68
-1.19868047,6,0,1,noload,42,2.23364447614608,1,0,0.60029408,balanced,4.21385781340179,1,4.683333333,4.683333333,2.44968885685392,9,6.76635552385392,-4.316666667,0,4.68
-1.19868047,6,0,4,noload,35,2.63378209952066,1,0,0.680019990243573,balanced,4.21385781340179,1,4.683333333,4.683333333,2.04955123347934,9,6.36621790047934,-4.316666667,0,4.68
-1.19868047,6,0,11,noload,11,3.60047808182873,1,0,1.053684793,balanced,4.21385781340179,1,4.683333333,4.683333333,1.08285525117127,9,5.39952191817127,-4.316666667,0,4.68
-1.19868047,6,0,1,noload,30,2.51709212727081,1,0,0.719417753,balanced,4.21385781340179,1,4.683333333,4.683333333,2.16624120572919,9,6.48290787272919,-4.316666667,0,4.68
-1.19868047,6,0,2,noload,13,3.000268045,1,0,0.752026624,balanced,4.21385781340179,1,4.683333333,4.683333333,1.683065288,9,5.999731955,-4.316666667,0,4.68
-1.19868047,6,0,1,noload,35,2.28370754889841,1,0,0.673648027,balanced,4.21385781340179,1,4.683333333,4.683333333,2.39962578410159,9,6.71629245110159,-4.316666667,0,4.68
-1.19868047,6,0,6,noload,46,2.60022276622533,1,0,0.660789576,balanced,4.21385781340179,1,4.683333333,4.683333333,2.08311056677467,9,6.39977723377467,-4.316666667,0,4.68
-1.19868047,6,0,9,noload,15,3.33317687329458,1,0,1.11846635,balanced,4.21385781340179,1,4.683333333,4.683333333,1.35015645970542,9,5.66682312670542,-4.316666667,0,4.68
-1.19868047,6,0,12,noload,11,3.41721795732474,1,0,1.027344013,balanced,4.21385781340179,1,4.683333333,4.683333333,1.26611537567526,9,5.58278204267526,-4.316666667,0,4.68
-1.19868047,6,0,9,noload,17,2.43370843495688,1,0,0.704734684,balanced,4.21385781340179,1,4.683333333,4.683333333,2.24962489804312,9,6.56629156504312,-4.316666667,0,4.68
-1.19868047,6,0,2,noload,30,2.816351135,1,0,0.748289224,balanced,4.21385781340179,1,4.683333333,4.683333333,1.866982198,9,6.183648865,-4.316666667,0,4.68
-1.19868047,6,0,2,noload,16,2.96693411847303,1,0,0.753662931133062,balanced,4.21385781340179,1,4.683333333,4.683333333,1.71639921452697,9,6.03306588152697,-4.316666667,0,4.68
-1.19868047,6,0,4,noload,20,2.35024198117571,1,0,0.507063936906619,balanced,4.21385781340179,1,4.683333333,4.683333333,2.33309135182429,9,6.64975801882429,-4.316666667,0,4.68
-1.19868047,6,0,4,noload,18,2.750382524,1,0,0.733384856,balanced,4.21385781340179,1,4.683333333,4.683333333,1.932950809,9,6.249617476,-4.316666667,0,4.68
-1.19868047,6,0,7,noload,16,2.03382735323538,1,0,0.714111756,balanced,4.21385781340179,1,4.683333333,4.683333333,2.64950597976462,9,6.96617264676462,-4.316666667,0,4.68
-1.19868047,6,0,10,noload,15,1.817098979,1,0,0.547508323759004,balanced,4.21385781340179,1,4.683333333,4.683333333,2.866234354,9,7.182901021,-4.316666667,0,4.68
-1.19868047,6,0,5,noload,45,1.90040843850682,1,0,0.397598369,balanced,4.21385781340179,1,4.683333333,4.683333333,2.78292489449319,9,7.09959156149319,-4.316666667,0,4.68
-1.19868047,6,0,10,noload,24,3.1838566958088,1,0,1.058285465,balanced,4.21385781340179,1,4.683333333,4.683333333,1.4994766371912,9,5.8161433041912,-4.316666667,0,4.68
-1.19868047,6,0,5,noload,18,2.65023555168779,1,0,0.643233947785717,balanced,4.21385781340179,1,4.683333333,4.683333333,2.03309778131221,9,6.34976444831221,-4.316666667,0,4.68
-1.19868047,6,0,11,noload,7,3.51724722909955,1,0,1.03066044922796,balanced,4.21385781340179,1,4.683333333,4.683333333,1.16608610390045,9,5.48275277090045,-4.316666667,0,4.68
-1.19868047,6,0,6,noload,6,2.866607101,1,0,0.869062335,balanced,4.21385781340179,1,4.683333333,4.683333333,1.816726232,9,6.133392899,-4.316666667,0,4.68
-1.19868047,6,0,9,noload,16,2.5004081041269,1,0,0.661756121528223,balanced,4.21385781340179,1,4.683333333,4.683333333,2.1829252288731,9,6.4995918958731,-4.316666667,0,4.68
-1.19868047,6,0,10,noload,40,3.33375703814341,1,0,1.055417604,balanced,4.21385781340179,1,4.683333333,4.683333333,1.3495762948566,9,5.6662429618566,-4.316666667,0,4.68
-1.19868047,6,0,2,noload,17,2.333639312,1,0,0.509025762457215,balanced,4.21385781340179,1,4.683333333,4.683333333,2.349694021,9,6.666360688,-4.316666667,0,4.68
-1.19868047,6,0,4,noload,2,2.51692962668824,1,0,0.57807623,balanced,4.21385781340179,1,4.683333333,4.683333333,2.16640370631176,9,6.48307037331176,-4.316666667,0,4.68
-1.19868047,6,0,5,noload,29,2.60043297922846,1,0,0.59584615,balanced,4.21385781340179,1,4.683333333,4.683333333,2.08290035377154,9,6.39956702077154,-4.316666667,0,4.68
-1.19868047,6,0,9,noload,10,2.73311771027022,1,0,0.832448477160603,balanced,4.21385781340179,1,4.683333333,4.683333333,1.95021562272978,9,6.26688228972978,-4.316666667,0,4.68
-1.19868047,6,0,8,noload,2,2.35045021114493,1,0,0.745182945,balanced,4.21385781340179,1,4.683333333,4.683333333,2.33288312185507,9,6.64954978885507,-4.316666667,0,4.68
-1.19868047,6,0,12,noload,12,3.46711605055736,1,0,1.021482412,balanced,4.21385781340179,1,4.683333333,4.683333333,1.21621728244264,9,5.53288394944264,-4.316666667,0,4.68
-1.19868047,6,0,1,noload,2,3.38361183045006,1,0,1.018809434,balanced,4.21385781340179,1,4.683333333,4.683333333,1.29972150254994,9,5.61638816954994,-4.316666667,0,4.68
-1.19868047,6,0,3,noload,17,2.40081639404735,1,0,0.560416645314551,balanced,4.21385781340179,1,4.683333333,4.683333333,2.28251693895265,9,6.59918360595265,-4.316666667,0,4.68
-1.19868047,6,0,6,noload,28,2.8003432048755,1,0,0.84361228,balanced,4.21385781340179,1,4.683333333,4.683333333,1.8829901281245,9,6.1996567951245,-4.316666667,0,4.68
-1.19868047,6,0,2,noload,38,3.00031754934014,1,0,0.763191842,balanced,4.21385781340179,1,4.683333333,4.683333333,1.68301578365986,9,5.99968245065986,-4.316666667,0,4.68
-1.19868047,6,0,9,noload,40,2.49974523677281,1,0,0.665061054,balanced,4.21385781340179,1,4.683333333,4.683333333,2.18358809622719,9,6.50025476322719,-4.316666667,0,4.68
-1.19868047,6,0,8,noload,45,3.03366003700694,1,0,0.89741212095827,balanced,4.21385781340179,1,4.683333333,4.683333333,1.64967329599306,9,5.96633996299306,-4.316666667,0,4.68
-1.19868047,6,0,2,noload,45,2.90028105531428,1,0,0.784466969314391,balanced,4.21385781340179,1,4.683333333,4.683333333,1.78305227768572,9,6.09971894468572,-4.316666667,0,4.68
-1.19868047,6,0,7,noload,22,2.23382874177969,1,0,0.668111274154694,balanced,4.21385781340179,1,4.683333333,4.683333333,2.44950459122031,9,6.76617125822031,-4.316666667,0,4.68
-1.19868047,6,0,8,noload,12,2.46699830057747,1,0,0.701015520373225,balanced,4.21385781340179,1,4.683333333,4.683333333,2.21633503242253,9,6.53300169942253,-4.316666667,0,4.68
-1.19868047,6,0,7,noload,27,2.68380492522692,1,0,0.805771895198086,balanced,4.21385781340179,1,4.683333333,4.683333333,1.99952840777308,9,6.31619507477308,-4.316666667,0,4.68
-1.19868047,6,0,8,noload,14,2.4835279770835,1,0,0.700629608,balanced,4.21385781340179,1,4.683333333,4.683333333,2.1998053559165,9,6.5164720229165,-4.316666667,0,4.68
-1.19868047,6,0,8,noload,13,2.64966087011641,1,0,0.751221834,balanced,4.21385781340179,1,4.683333333,4.683333333,2.03367246288359,9,6.35033912988359,-4.316666667,0,4.68
-1.19868047,6,0,5,noload,34,1.60034242305971,1,0,0.24595674,balanced,4.21385781340179,1,4.683333333,4.683333333,3.08299090994029,9,7.39965757694029,-4.316666667,0,4.68
-1.19868047,6,0,6,noload,32,3.11700780889191,1,0,0.984572106798601,balanced,4.21385781340179,1,4.683333333,4.683333333,1.56632552410809,9,5.88299219110809,-4.316666667,0,4.68
-1.19868047,6,0,4,noload,38,2.93340469159432,1,0,0.84077464,balanced,4.21385781340179,1,4.683333333,4.683333333,1.74992864140568,9,6.06659530840568,-4.316666667,0,4.68
-1.19868047,6,0,3,noload,41,2.33397145246954,1,0,0.620051999,balanced,4.21385781340179,1,4.683333333,4.683333333,2.34936188053046,9,6.66602854753046,-4.316666667,0,4.68
-1.19868047,6,0,3,noload,16,2.18416136384838,1,0,0.468604261,balanced,4.21385781340179,1,4.683333333,4.683333333,2.49917196915163,9,6.81583863615163,-4.316666667,0,4.68
-1.19868047,6,0,6,noload,12,3.13329691,1,0,1.020387372,balanced,4.21385781340179,1,4.683333333,4.683333333,1.550036423,9,5.86670309,-4.316666667,0,4.68
-1.19868047,6,0,6,noload,27,2.08318748886927,1,0,0.443340782,balanced,4.21385781340179,1,4.683333333,4.683333333,2.60014584413073,9,6.91681251113073,-4.316666667,0,4.68
-1.19868047,6,0,3,noload,47,2.367318762,1,0,0.553874396083867,balanced,4.21385781340179,1,4.683333333,4.683333333,2.316014571,9,6.632681238,-4.316666667,0,4.68
-1.19868047,6,0,10,noload,36,3.366935509,1,0,0.969411038,balanced,4.21385781340179,1,4.683333333,4.683333333,1.316397824,9,5.633064491,-4.316666667,0,4.68
-1.19868047,6,0,11,noload,9,3.48386270074275,1,0,1.01376168118454,balanced,4.21385781340179,1,4.683333333,4.683333333,1.19947063225725,9,5.51613729925725,-4.316666667,0,4.68
-1.19868047,6,0,11,noload,39,3.567116796,1,0,1.05401460071309,balanced,4.21385781340179,1,4.683333333,4.683333333,1.116216537,9,5.432883204,-4.316666667,0,4.68
-1.19868047,6,0,4,noload,10,2.9502789280927,1,0,0.75684558,balanced,4.21385781340179,1,4.683333333,4.683333333,1.7330544049073,9,6.0497210719073,-4.316666667,0,4.68
-1.19868047,6,0,11,noload,27,3.450327847376,1,0,0.990288993,balanced,4.21385781340179,1,4.683333333,4.683333333,1.233005485624,9,5.549672152624,-4.316666667,0,4.68
-1.19868047,6,0,5,noload,42,2.50019001702754,1,0,0.641602159,balanced,4.21385781340179,1,4.683333333,4.683333333,2.18314331597247,9,6.49980998297247,-4.316666667,0,4.68
-1.19868047,6,0,10,noload,7,1.98386188772719,1,0,0.481693261,balanced,4.21385781340179,1,4.683333333,4.683333333,2.69947144527281,9,7.01613811227281,-4.316666667,0,4.68
-1.19868047,6,0,7,noload,1,2.48375342834598,1,0,0.770312139,balanced,4.21385781340179,1,4.683333333,4.683333333,2.19957990465402,9,6.51624657165402,-4.316666667,0,4.68
-1.19868047,6,0,1,noload,0,1.81430439915469,1,0,0.905691990803771,balanced,4.21385781340179,1,4.683333333,4.683333333,2.86902893384531,9,7.18569560084531,-4.316666667,0,4.68
-1.19868047,6,0,9,noload,33,2.98367975900124,1,0,0.942454492,balanced,4.21385781340179,1,4.683333333,4.683333333,1.69965357399876,9,6.01632024099876,-4.316666667,0,4.68
-1.19868047,6,0,12,noload,28,2.73371151932849,1,0,0.798015465891874,balanced,4.21385781340179,1,4.683333333,4.683333333,1.94962181367151,9,6.26628848067151,-4.316666667,0,4.68
-1.19868047,6,0,1,noload,17,2.48369450873133,1,0,0.801117080772137,balanced,4.21385781340179,1,4.683333333,4.683333333,2.19963882426867,9,6.51630549126867,-4.316666667,0,4.68
-1.19868047,6,0,7,noload,9,2.43376945697656,1,0,0.715952946135908,balanced,4.21385781340179,1,4.683333333,4.683333333,2.24956387602344,9,6.56623054302344,-4.316666667,0,4.68
-1.19868047,6,0,12,noload,30,3.29981085669306,1,0,0.943890692,balanced,4.21385781340179,1,4.683333333,4.683333333,1.38352247630694,9,5.70018914330694,-4.316666667,0,4.68
-1.19868047,6,0,10,noload,12,2.56711112908829,1,0,0.718383695,balanced,4.21385781340179,1,4.683333333,4.683333333,2.11622220391171,9,6.43288887091171,-4.316666667,0,4.68
-1.19868047,6,0,5,noload,6,2.66698844291989,1,0,0.730322098802842,balanced,4.21385781340179,1,4.683333333,4.683333333,2.01634489008011,9,6.33301155708011,-4.316666667,0,4.68
-1.19868047,6,0,12,noload,25,3.38372999294859,1,0,0.968619315,balanced,4.21385781340179,1,4.683333333,4.683333333,1.29960334005141,9,5.61627000705141,-4.316666667,0,4.68
-5.72957795,6,0,7,noload,47,1.16729724687889,1,0,0.788267339,balanced,1.9273929933587,0,2.233333333,2.233333333,1.06603608612111,9,7.83270275312111,-6.766666667,0,2.23
-5.72957795,6,0,4,noload,23,1.1004165281912,1,0,0.655508914781294,balanced,1.9273929933587,0,2.233333333,2.233333333,1.1329168048088,9,7.8995834718088,-6.766666667,0,2.23
-5.72957795,6,0,6,noload,23,0.96704478567051,1,0,0.893557063180162,balanced,1.9273929933587,0,2.233333333,2.233333333,1.26628854732949,9,8.03295521432949,-6.766666667,0,2.23
-5.72957795,6,0,6,noload,14,0.949784025427903,1,0,0.776773821,balanced,1.9273929933587,0,2.233333333,2.233333333,1.2835493075721,9,8.0502159745721,-6.766666667,0,2.23
-5.72957795,6,0,9,noload,41,1.15015696312571,1,0,0.95742370885621,balanced,1.9273929933587,0,2.233333333,2.233333333,1.08317636987429,9,7.84984303687429,-6.766666667,0,2.23
-5.72957795,6,0,8,noload,44,0.933630153732906,1,0,0.627485147,balanced,1.9273929933587,0,2.233333333,2.233333333,1.29970317926709,9,8.06636984626709,-6.766666667,0,2.23
-5.72957795,6,0,7,noload,43,1.0171989319075,1,0,0.580820982788467,balanced,1.9273929933587,0,2.233333333,2.233333333,1.2161344010925,9,7.9828010680925,-6.766666667,0,2.23
-5.72957795,6,0,2,noload,1,1.36709337610791,1,0,0.897061161866451,balanced,1.9273929933587,0,2.233333333,2.233333333,0.866239956892088,9,7.63290662389209,-6.766666667,0,2.23
-5.72957795,6,0,5,noload,39,0.850523158080023,1,0,0.712574588116261,balanced,1.9273929933587,0,2.233333333,2.233333333,1.38281017491998,9,8.14947684191998,-6.766666667,0,2.23
-5.72957795,6,0,10,noload,46,1.68377172342412,1,0,1.413309129,balanced,1.9273929933587,0,2.233333333,2.233333333,0.549561609575885,9,7.31622827657589,-6.766666667,0,2.23
-5.72957795,6,0,11,noload,20,1.36737168492596,1,0,0.872081080269492,balanced,1.9273929933587,0,2.233333333,2.233333333,0.865961648074045,9,7.63262831507405,-6.766666667,0,2.23
-5.72957795,6,0,5,noload,31,0.950500186998513,1,0,0.560574156,balanced,1.9273929933587,0,2.233333333,2.233333333,1.28283314600149,9,8.04949981300149,-6.766666667,0,2.23
-5.72957795,6,0,1,noload,38,0.933866430655713,1,0,0.897897206793099,balanced,1.9273929933587,0,2.233333333,2.233333333,1.29946690234429,9,8.06613356934429,-6.766666667,0,2.23
-5.72957795,6,0,12,noload,20,1.18393115014584,1,0,0.799349705,balanced,1.9273929933587,0,2.233333333,2.233333333,1.04940218285416,9,7.81606884985416,-6.766666667,0,2.23
-5.72957795,6,0,7,noload,18,1.06725987692664,1,0,0.8059366784544,balanced,1.9273929933587,0,2.233333333,2.233333333,1.16607345607336,9,7.93274012307336,-6.766666667,0,2.23
-5.72957795,6,0,11,noload,14,1.38353675506863,1,0,0.976217226335678,balanced,1.9273929933587,0,2.233333333,2.233333333,0.849796577931368,9,7.61646324493137,-6.766666667,0,2.23
-5.72957795,6,0,5,noload,26,0.967062306568322,1,0,0.759503556276095,balanced,1.9273929933587,0,2.233333333,2.233333333,1.26627102643168,9,8.03293769343168,-6.766666667,0,2.23
-5.72957795,6,0,8,noload,25,0.967269363003311,1,0,0.936117923,balanced,1.9273929933587,0,2.233333333,2.233333333,1.26606396999669,9,8.03273063699669,-6.766666667,0,2.23
-5.72957795,6,0,12,noload,43,1.08394388849183,1,0,0.621875498472767,balanced,1.9273929933587,0,2.233333333,2.233333333,1.14938944450817,9,7.91605611150817,-6.766666667,0,2.23
-5.72957795,6,0,4,noload,3,1.08373276150133,1,0,0.65092002826963,balanced,1.9273929933587,0,2.233333333,2.233333333,1.14960057149867,9,7.91626723849868,-6.766666667,0,2.23
-5.72957795,6,0,2,noload,25,1.28365366475179,1,0,0.962270434,balanced,1.9273929933587,0,2.233333333,2.233333333,0.949679668248206,9,7.71634633524821,-6.766666667,0,2.23
-5.72957795,6,0,3,noload,37,1.0341758981134,1,0,0.693666750914687,balanced,1.9273929933587,0,2.233333333,2.233333333,1.1991574348866,9,7.9658241018866,-6.766666667,0,2.23
-5.72957795,6,0,6,noload,19,0.933797681178702,1,0,0.676571104,balanced,1.9273929933587,0,2.233333333,2.233333333,1.2995356518213,9,8.0662023188213,-6.766666667,0,2.23
-5.72957795,6,0,2,noload,27,1.2170585573661,1,0,0.721640655633766,balanced,1.9273929933587,0,2.233333333,2.233333333,1.0162747756339,9,7.7829414426339,-6.766666667,0,2.23
-5.72957795,6,0,10,noload,42,1.10058406062956,1,0,0.714571981750944,balanced,1.9273929933587,0,2.233333333,2.233333333,1.13274927237044,9,7.89941593937044,-6.766666667,0,2.23
-5.72957795,6,0,4,noload,11,1.33370189694045,1,0,1.002172949,balanced,1.9273929933587,0,2.233333333,2.233333333,0.899631436059546,9,7.66629810305955,-6.766666667,0,2.23
-5.72957795,6,0,3,noload,15,1.00061668750971,1,0,0.858673059,balanced,1.9273929933587,0,2.233333333,2.233333333,1.2327166454903,9,7.9993833124903,-6.766666667,0,2.23
-5.72957795,6,0,6,noload,26,0.983664111998905,1,0,0.953796753618282,balanced,1.9273929933587,0,2.233333333,2.233333333,1.24966922100109,9,8.0163358880011,-6.766666667,0,2.23
-5.72957795,6,0,2,noload,35,1.35039849121802,1,0,0.877294954,balanced,1.9273929933587,0,2.233333333,2.233333333,0.882934841781984,9,7.64960150878198,-6.766666667,0,2.23
-5.72957795,6,0,12,noload,5,1.31720805643028,1,0,0.92787548,balanced,1.9273929933587,0,2.233333333,2.233333333,0.916125276569725,9,7.68279194356973,-6.766666667,0,2.23
-5.72957795,6,0,9,noload,27,1.2836842867838,1,0,1.07224349564247,balanced,1.9273929933587,0,2.233333333,2.233333333,0.949649046216205,9,7.71631571321621,-6.766666667,0,2.23
-5.72957795,6,0,8,noload,3,0.867117833673916,1,0,0.775593498,balanced,1.9273929933587,0,2.233333333,2.233333333,1.36621549932608,9,8.13288216632608,-6.766666667,0,2.23
-5.72957795,6,0,8,noload,5,0.900549972984294,1,0,0.824535319,balanced,1.9273929933587,0,2.233333333,2.233333333,1.33278336001571,9,8.09945002701571,-6.766666667,0,2.23
-5.72957795,6,0,10,noload,17,1.26693523776123,1,0,0.878234507,balanced,1.9273929933587,0,2.233333333,2.233333333,0.966398095238769,9,7.73306476223877,-6.766666667,0,2.23
-5.72957795,6,0,1,noload,20,1.14978654272875,1,0,0.840266896972849,balanced,1.9273929933587,0,2.233333333,2.233333333,1.08354679027125,9,7.85021345727125,-6.766666667,0,2.23
-5.72957795,6,0,1,noload,21,0.933964835619918,1,0,0.74628163,balanced,1.9273929933587,0,2.233333333,2.233333333,1.29936849738008,9,8.06603516438008,-6.766666667,0,2.23
-5.72957795,6,0,11,noload,46,1.33386943216396,1,0,0.920828582,balanced,1.9273929933587,0,2.233333333,2.233333333,0.899463900836037,9,7.66613056783604,-6.766666667,0,2.23
-5.72957795,6,0,1,noload,23,1.16700710960771,1,0,0.749403154,balanced,1.9273929933587,0,2.233333333,2.233333333,1.06632622339229,9,7.83299289039229,-6.766666667,0,2.23
-5.72957795,6,0,6,noload,41,1.00037852147216,1,0,0.786211519,balanced,1.9273929933587,0,2.233333333,2.233333333,1.23295481152784,9,7.99962147852784,-6.766666667,0,2.23
-5.72957795,6,0,3,noload,36,1.06676374287963,1,0,0.795511559,balanced,1.9273929933587,0,2.233333333,2.233333333,1.16656959012037,9,7.93323625712037,-6.766666667,0,2.23
-5.72957795,6,0,10,noload,28,1.11711881131623,1,0,0.762585124,balanced,1.9273929933587,0,2.233333333,2.233333333,1.11621452168377,9,7.88288118868377,-6.766666667,0,2.23
-5.72957795,6,0,1,noload,31,1.0331431541689,1,0,0.768295382,balanced,1.9273929933587,0,2.233333333,2.233333333,1.2001901788311,9,7.9668568458311,-6.766666667,0,2.23
-5.72957795,6,0,10,noload,31,1.15048232015965,1,0,0.907594192305963,balanced,1.9273929933587,0,2.233333333,2.233333333,1.08285101284035,9,7.84951767984035,-6.766666667,0,2.23
-5.72957795,6,0,3,noload,3,1.05081348115723,1,0,0.674278464644769,balanced,1.9273929933587,0,2.233333333,2.233333333,1.18251985184277,9,7.94918651884277,-6.766666667,0,2.23
-5.72957795,6,0,3,noload,4,0.800548227046022,1,0,0.600391667,balanced,1.9273929933587,0,2.233333333,2.233333333,1.43278510595398,9,8.19945177295398,-6.766666667,0,2.23
-5.72957795,6,0,10,noload,8,1.18315035342778,1,0,0.843385443,balanced,1.9273929933587,0,2.233333333,2.233333333,1.05018297957222,9,7.81684964657222,-6.766666667,0,2.23
-5.72957795,6,0,4,noload,5,1.18367145497498,1,0,0.670490765766681,balanced,1.9273929933587,0,2.233333333,2.233333333,1.04966187802502,9,7.81632854502502,-6.766666667,0,2.23
-5.72957795,6,0,5,noload,32,0.716969109177853,1,0,0.347822161,balanced,1.9273929933587,0,2.233333333,2.233333333,1.51636422382215,9,8.28303089082215,-6.766666667,0,2.23
-5.72957795,6,0,4,noload,16,1.30041918450547,1,0,0.766184752,balanced,1.9273929933587,0,2.233333333,2.233333333,0.932914148494528,9,7.69958081549453,-6.766666667,0,2.23
-5.72957795,6,0,11,noload,17,1.40070338822915,1,0,0.971819465,balanced,1.9273929933587,0,2.233333333,2.233333333,0.832629944770853,9,7.59929661177085,-6.766666667,0,2.23
-5.72957795,6,0,7,noload,28,1.13373130219497,1,0,0.934510907998287,balanced,1.9273929933587,0,2.233333333,2.233333333,1.09960203080503,9,7.86626869780503,-6.766666667,0,2.23
-5.72957795,6,0,8,noload,40,1.03369927766994,1,0,0.787894148,balanced,1.9273929933587,0,2.233333333,2.233333333,1.19963405533006,9,7.96630072233006,-6.766666667,0,2.23
-5.72957795,6,0,6,noload,45,0.833144173214349,1,0,0.52466447,balanced,1.9273929933587,0,2.233333333,2.233333333,1.40018915978565,9,8.16685582678565,-6.766666667,0,2.23
-5.72957795,6,0,12,noload,19,1.217210834,1,0,0.758591639187151,balanced,1.9273929933587,0,2.233333333,2.233333333,1.016122499,9,7.782789166,-6.766666667,0,2.23
-5.72957795,6,0,3,noload,26,1.1340496929995,1,0,0.96153168,balanced,1.9273929933587,0,2.233333333,2.233333333,1.0992836400005,9,7.8659503070005,-6.766666667,0,2.23
-5.72957795,6,0,12,noload,26,1.3005422550857,1,0,0.856535686606327,balanced,1.9273929933587,0,2.233333333,2.233333333,0.932791077914298,9,7.6994577449143,-6.766666667,0,2.23
-5.72957795,6,0,11,noload,44,1.40042024594129,1,0,0.958957775404453,balanced,1.9273929933587,0,2.233333333,2.233333333,0.832913087058709,9,7.59957975405871,-6.766666667,0,2.23
-5.72957795,6,0,9,noload,11,1.300443421,1,0,1.34703067012919,balanced,1.9273929933587,0,2.233333333,2.233333333,0.932889912,9,7.699556579,-6.766666667,0,2.23
-5.72957795,6,0,8,noload,18,0.983952379946232,1,0,0.947378078584821,balanced,1.9273929933587,0,2.233333333,2.233333333,1.24938095305377,9,8.01604762005377,-6.766666667,0,2.23
-5.72957795,6,0,11,noload,15,1.41724276160926,1,0,1.0011647268985,balanced,1.9273929933587,0,2.233333333,2.233333333,0.816090571390743,9,7.58275723839074,-6.766666667,0,2.23
-5.72957795,6,0,1,noload,33,0.983722128529621,1,0,0.753707707758828,balanced,1.9273929933587,0,2.233333333,2.233333333,1.24961120447038,9,8.01627787147038,-6.766666667,0,2.23
-5.72957795,6,0,7,noload,37,1.06733835986358,1,0,0.721707357535108,balanced,1.9273929933587,0,2.233333333,2.233333333,1.16599497313642,9,7.93266164013642,-6.766666667,0,2.23
-5.72957795,6,0,12,noload,42,1.16703684340166,1,0,0.902632749,balanced,1.9273929933587,0,2.233333333,2.233333333,1.06629648959834,9,7.83296315659834,-6.766666667,0,2.23
-5.72957795,6,0,2,noload,36,1.200331374,1,0,0.706582425,balanced,1.9273929933587,0,2.233333333,2.233333333,1.033001959,9,7.799668626,-6.766666667,0,2.23
-5.72957795,6,0,7,noload,8,1.08390339112697,1,0,0.984303563,balanced,1.9273929933587,0,2.233333333,2.233333333,1.14942994187303,9,7.91609660887303,-6.766666667,0,2.23
-5.72957795,6,0,9,noload,19,1.35054091907949,1,0,1.28647191876596,balanced,1.9273929933587,0,2.233333333,2.233333333,0.882792413920508,9,7.64945908092051,-6.766666667,0,2.23
-5.72957795,6,0,2,noload,10,1.3504114708964,1,0,1.01732277888147,balanced,1.9273929933587,0,2.233333333,2.233333333,0.882921862103596,9,7.6495885291036,-6.766666667,0,2.23
-5.72957795,6,0,4,noload,37,1.83382309127978,1,0,1.68734856907283,balanced,1.9273929933587,0,2.233333333,2.233333333,0.399510241720218,9,7.16617690872022,-6.766666667,0,2.23
-5.72957795,6,0,5,noload,8,1.13286008679503,1,0,0.870687883,balanced,1.9273929933587,0,2.233333333,2.233333333,1.10047324620497,9,7.86713991320497,-6.766666667,0,2.23
-5.72957795,6,0,9,noload,31,1.50041836710057,1,0,1.484665789,balanced,1.9273929933587,0,2.233333333,2.233333333,0.732914965899433,9,7.49958163289943,-6.766666667,0,2.23
-5.72957795,6,0,9,noload,45,1.23379687764122,1,0,1.1517307053208,balanced,1.9273929933587,0,2.233333333,2.233333333,0.999536455358776,9,7.76620312235878,-6.766666667,0,2.23
-5.72957795,6,0,5,noload,25,0.68387535728175,1,0,0.728936313961319,balanced,1.9273929933587,0,2.233333333,2.233333333,1.54945797571825,9,8.31612464271825,-6.766666667,0,2.23
